表現 (問題となった広告表現など),製品カテゴリ,判定,理由,代替表現（可能な場合）
NO1表示 (リサーチ会社調査),-,条件付きOK (景表法),調査方法の合理性 (比較対象選定、サンプルサイズ、2位との差、1位の割合等) が重要。JMRA基準より緩やかな運用も。,※調査方法、根拠を明記。イメージ調査の限界も考慮。
定期コースLPで「お試しモニター募集→1か月後自動移行」(最終確認画面で定期条件明記),-,NGの可能性高い,さらに「試行的契約」誤認のおそれ強いため。,※バナー広告ならLP到達まで時間あり必ずしもNGではない。
定期コースLPで「今ならお試し500円」(最終確認画面で定期条件明記),-,NGの可能性高い,ガイドライン違反例に近く「試行的契約」誤認のおそれ強いため。,-
定期コース途中CTAでの条件記載,-,不明確 (行政判断分かれる),特商法・ガイドラインで明確な規定なし。YDC推奨は期間、解約方法、価格、支払、引渡方法等の記載。,-
顧客の声→謝礼付き取材→動画LP掲載,-,条件付きOK (PR表記不要),元の声と取材での声が大きく異ならなければ自発的意思とみなされPR表記不要。,-
定期顧客からインフォマ出演者募集→取材→インフォマ作成,-,微妙 (PR表記要否),元々の声か作られた声かで判断。謝礼付きだと作られた声と見られやすくPR表記推奨。,-
「お客様の声」募集→掲載者に事後謝礼→LP掲載,-,OK (PR表記不要),声提供時点では謝礼不明で自発的意思のため。,-
新聞広告内の「お客様の声」(上記と同様の募集・謝礼),-,要PR表記,全体が広告でも「声」部分は自発的と誤認されるためPR表記必要 (chocoZAP事件)。,-
モニター募集→商品提供→声収集→LP掲載「※モニター様のお声です」,-,NG (PR表記不十分),「モニター」だけでは依頼関係不明瞭。より明確なPR表記が必要。,PR、プロモーション、広告 等
体験談の注記「個人の感想であり効果を保証するものではありません」,-,有効 (判例),広島高裁判決で使用者が効果認識を割り引くと判断。記載推奨。,-
体験談の注記「写真はイメージです」,-,有効,写真掲載許可ない場合等に使用。,-
体験談の注記「薬機法等との関係で内容を一部変更しています」,-,有効,内容編集した場合に必要。,-
体験談の注記「募集して集めたお声を掲載しています」,-,必要 (ステマ回避),SNS依頼投稿や採用報酬ありの場合に必要。,-
体験談の注記「当社の視点で選んだお声を掲載しています」,-,必要 (ステマ回避),ステマQ&A Q10に基づき必要。,-
体験談の恣意的抽出 (好意的意見のみ掲載),-,NG (ステマ規制),ステマ規制Q&AでNGとされている。事業者の表示とみなされる。,PR表記 (例: ※お客様の声の中から当社の視点で選んで掲載)、無作為抽出
LPコラムに他サイトのドクター見解をコピペ,-,条件付きOK,著作権法32条の「引用」要件 (引用部分明確化、出典明記、コメント付与) を満たせば許諾不要。,-
ウェブサイトのレビュー (自動アップロード媒体),-,条件付きOK,自社が削除・編集等に関与できなければ責任問われにくいが、媒体に確認推奨。関与可能なら対処必要。,-
ダニを防除する,-,医薬品または医薬部外品,厚労省通知による。,-
セルフホワイトニング (酸化チタン溶液+LED照明器具),-,NG,都行政指導例あり。LED照射を促す時点で光触媒作用目的と見なされる。,化粧品+ブラッシングでのホワイトニング訴求。
ジェル+LED照射でホワイトニング,-,NG (化粧品) / OK (医療機器),ジェルもLEDも医療機器扱い (歯面漂白剤、歯面漂白用加熱装置)。化粧品では不可。,-
入浴剤、浴用剤,-,医薬部外品,-,-
入浴料、浴用化粧品,-,化粧品,-,-
肌に直接スプレーする虫よけ (忌避剤),医薬部外品,条件付きOK,衛生害虫対象なら承認必要。非衛生害虫対象なら部外品にならない (生活害虫自主基準)。,※対象を非衛生害虫 (ユスリカ等) と明記。
爪の中の菌まで殺菌・消毒 (外皮消毒剤・部外品、承認効能は「洗浄・消毒」),医薬部外品,NG (表現方法),「殺菌」は作用機序として訴求可能だが、「殺菌・消毒」と並列ではロジック不明確。,殺菌することにより消毒 (作用機序として)
外皮消毒剤で足の指の爪をターゲット,医薬部外品,OK,爪は皮膚の一部と解釈可能。,-
手の指の爪に関する殺菌エビデンスを足の指の爪に外挿,医薬部外品,条件付きOK,外挿できるという報告書等で根拠を示せばOK。,-
承認効能でない効果を成分の効果・作用機序としてうたう (例: リゲインの「エネルギー産生促進」「糖化に着目」),医薬部外品 (ドリンク剤),OK (要エビデンス),作用機序は医学薬学上認められ、承認効能範囲を超えなければエビデンスあれば訴求可。,-
ナプキンで「肌ストレスから守る」,医薬部外品 (ナプキン),NG,「こすれない」等のネガティブがない趣旨はOKだが、「守る」は効果を示唆するためNG。,-
販売名にローマ字のみ、算用数字、記号,化粧品,NG (原則),ガイドラインで不可とされている。,※愛称なら運用緩い。
低刺激 (化粧品パッケージ),化粧品,条件付きOK,パッチテスト等の安全性データに基づき表示可。※「パッチテスト試験済み」等の注釈推奨。,-
化粧品広告でビフォーアフター写真,化粧品,条件付きOK,効能範囲内、効果発現・持続時間非強調ならOK。※「予防」効果のB/Aは厚労省連絡で不可。強烈すぎるものも保証禁止違反の可能性。,-
ワセリンより潤うことをグラフで示す (ベビーミルキーローション),化粧品,NG,保証禁止 (臨床データ例示原則不可)、他社誹謗禁止 (ワセリン比較) に抵触。,グラフをイメージ化、研究サイトで提示、自社成分との比較
ファンデでシワをカバー,化粧品,OK,機能的表現ではなく隠す表現のため。,-
商品名「ドクター△△。」,化粧品,NG (都庁),都庁は不可としている。,※ブランド名・社名ならOK。
受付電話番号4874に「シワなし」とルビ,化粧品,OK,番号覚えやすくするためなら不可ではない。,-
見た目年齢訴求「見た目29歳、実は53歳」(写真付き),化粧品,条件付きOK (薬機法・景表法),薬機法：「あくまで見た目の話」と注記要。景表法：「見た目年齢」の根拠 (アンケート等) と、念のため実年齢改善エビデンス推奨。,-
刺すヒアルロン酸、マイクロニードル,化粧品,OK,比喩表現と認識可能。,※浸透効果は「角質層まで」の注記が必要。
ヘナで皮膚を染色 (アートメイク),化粧品,OK (角質層までなら),針を使わない皮膚着色は非医療行為。角質層までの着色なら化粧品として可。,-
製法特許表示 (パッケージ),化粧品,条件付きOK,容器・パッケージ限定で可だが、特許タイトルが薬機法違反表現ならNG。,-
ジェル / ゲル (種類別名称),化粧品,ジェル推奨,規約上「ジェル」が記載。「ゲル」も類似表現でNGではないが認知度考慮すると「ジェル」推奨。,-
肌へのやさしさを考えた無添加、肌のことを考えて無添加,化粧品,NG / 微妙,前者は他社誹謗明確でNG。後者は中立に近く必ずしもNGではないがリスクあり。,無添加 (単独表示)
化粧品の量り売り (マイボトル持参),化粧品,OK,顧客の求めに応じた分割販売はOK。,※予め小分けして売るのはNG。
ビタミンCの配合目的「保湿」「整肌」,化粧品,OK,酸化防止剤以外の目的でも表示可能。,-
後日広告 (商品名伏せて効果記事→後日商品広告),化粧品,微妙,記事間に関連性 (リンク等) があれば一体と見なされ薬機法適用。,-
販売名「茶のかおり」,化粧品,NG,特定成分名称を販売名に用いるのは不可。,※愛称なら運用緩い。
販売名「スーパーソルト」,化粧品,NG,「スーパー」は誇大表現。,※愛称・シリーズ名なら規制緩い。
通販番組ナビゲーターの使用コメント「もちもちに潤っています」,化粧品,NG,体験談で効果標榜は不可。使用感のみOK。,-
水分チェッカーでBAを見せる (使用前後比較),化粧品,NG,実験データ例示は保証表現にあたりNG。,マイクロスコープでのB/A (期間示さず)
医療現場で広く用いられています (化粧品),化粧品,NG,医療機関での選用表現は不可。医薬品的効果暗示。,美容の先端シーンで広く用いられています
薬剤師の9割が売り続けたいと回答！,化粧品,NG,「推薦」に近い。,薬剤師の9割が使い続けたいと回答 (自分自身の話ならOK)
愛用歴〇年,化粧品,OK,プロフィールでありコメントではないため。,-
架空の体験談 (会話形式),化粧品,条件付きOK,体験談ではないが、虚偽なら景表法違反リスク。「この会話はイメージです」等の注記必要。,-
マンガの体験談,化粧品,NG (都庁・粧工連),都庁は原則NG、粧工連ガイドラインも不可としている。,-
満足度93%！ (化粧品広告),化粧品,条件付きOK,※「使用感」等の限定があればOK。なければ効能効果・安全性の保証と見なされNG。,使用感満足度93%！
化粧品の併用推奨,化粧品,OK (条件付き),平成28年通知で解禁。製販が同一であること推奨。※一般＋薬用の併用は薬用の用法承認外なら不可。,-
アトピー肌の人も大丈夫,化粧品,NG,「アトピー肌用」は不可。「敏感肌用」が限界。,敏感肌用
ノンコメドジェニック,化粧品,OK (薬機法) / 要エビデンス (景表法),ニキビ予防効果ではなく、できにくい製品設計の意味。薬機法違反ではないが、景表法上は根拠必要。,-
パッチテスト実施済み,化粧品,条件付きOK,※「全ての人に皮膚刺激が発生しないということではありません」の注意書きが必要。,-
アレルギーテスト済み,化粧品,条件付きOK,※「全ての方にアレルギーが起こらないわけではない」のデメリット表示が必要。,-
○○大学教授△△博士が化粧品××について語る,化粧品,NG,専門家の推薦にあたる。,-
△△医師と共同開発,化粧品,微妙,推薦とは異なるが、「8.8事務連絡」以降は微妙。媒体審査NG多。,-
化粧品広告に白衣着用者登場 (共同開発医師など),化粧品,条件付きOK,登場自体はOKだが、商品コメントは原則NG(推薦抵触)。※「製品開発者」肩書表示ならOK(粧工連)。医師として開発関与表示はOK。,-
白髪染め (一般化粧品),化粧品,条件付きOK,※「本品は髪の表面を着色する染毛料です。酸化染毛剤ではありません」等の注記推奨。,-
まつ毛を育てる (一般化粧品),化粧品,NG,育毛表現は部外品限定。,さらばエクステ、まつ毛をバッチリケア (ギリギリ)
ヘアーのコーティングで髪にボリューム感が出る,化粧品,OK,髪自体を太くするわけではないため。,-
頭皮を清浄にし、育毛環境を整える (シャンプー・コンディショナー),化粧品,NG (育毛環境部分),「頭皮環境を整える」はOKだが、「育毛」は部外品限定。,頭皮環境を整える
育毛剤の浸透をサポートし、育毛に最適な頭皮環境を保つ,化粧品,NG (後半) / 微妙 (前半),「育毛に最適な～」は効能逸脱。「浸透サポート」は汚れ除去の意味なら強調しなければ可だが、育毛効果イメージに注意。,育毛剤の浸透をサポート (汚れ除去の意味で)
髪がボリュームアップ (シャンプー),化粧品,NGに近い (微妙),毛髪が増えたとも取れる。「髪ふんわり」「ボリューム感が出た」ならOK。「ボリューム感」にとどめる。,髪ふんわり、ボリューム感が出た
デリケートゾーン用 (化粧品),化粧品,OK,トラブル的ニュアンスがなければ部位用表示OK。,-
アンダーヘアーにツヤを与える,化粧品,OK,毛髪の効能は部位限定なし。,-
デリケートゾーンの臭いケアに,化粧品,OK,部位表示・臭いケアともにOK。,-
生理時のにおいが気になる方へ,化粧品,条件付きOK,マスキング効果であることを※等で明確化推奨。,-
発毛抑制 (一般化粧品),化粧品,NG,除毛は部外品。発毛抑制は一般化粧品では無理。,脱毛ケア
冷えが気になる方にオススメ、寒くて眠れない方はぜひ (入浴料・化粧品),化粧品,NG,「温まる」「寒さ」はお湯の効果と明確化する必要あり。,-
ラメラ構造 (化粧品広告),化粧品,微妙 (作用表現はNG),角質層の組織名であり言及自体はOKだが、作用をうたうと効能逸脱の可能性高い。,-
60秒、瞬間 (化粧品商品名),化粧品,微妙,即効性・作用時間明示は原則NGだが、化粧品の保湿効果等は即時的なので必ずしもNGではない。景表法エビデンス要。,-
処方 (化粧品広告),化粧品,OKに近い,医薬品ワードだが一般にも使用。化粧品では使用例多く、医薬品的文脈でなければOK。,-
美肌菌のエサになる (化粧品),化粧品,NG,コスメで「育てる」ニュアンスは効能範囲外。「美肌菌を補給」ならOK。,美肌菌を補給する
オートファジーに着目した化粧品,化粧品,OKに近い,オートファジー自体の説明は薬機法違反だが、単に「着目した」だけなら意味不明瞭でセーフか。,-
アクアポリン※に着目。角層細胞の中からたっぷりのうるおいで満たす (※水の通り道),化粧品,微妙 (後半修正要),アクアポリンが角質層範囲と明確ならOK。「角層細胞の中から」は「角層(細胞)をたっぷりうるおいで満たす」に修正推奨。景表法エビデンス要。,角層（細胞）をたっぷりうるおいで満たす
潤いを実感 (一般化粧品),化粧品,NG,「実感」は保証表現にあたる。,潤いに満足
保湿力を高める成分△△配合 (一般化粧品),化粧品,NG,「保湿力」向上は肌機能変化と解釈されるため。,保湿を高める成分△△配合
保湿効果持続 (化粧品),化粧品,OK (テキスト) / NG (グラフ),テキスト表現はOKだが、グラフでの時間明示は保証表現となりNG。,潤いが12時間持続 (テキストのみ)
ゆで卵のようなお肌,化粧品,OK,抽象的な表現のため。,-
女優肌へ (化粧水),化粧品,OK,肌の具体的変化ではないため。,上流肌
陶器肌 (一般化粧品),化粧品,OK,肌の具体的変化ではないため。,-
肌がふっくら,化粧品,微妙 (ギリギリ),「肌を柔らげる」と同趣旨と言えればギリギリOK。高リスク媒体では避けるべき。,肌が潤いで満たされる
お肌にぷるぷる感,化粧品,微妙 (ギリギリ),「肌を柔らげる」と同趣旨と言えるか。「ぷるぷる感」の方が「ぷるぷる」より安全だがギリギリ。,-
お肌を修復,化粧品,NG,機能性の強い表現。,ダメージ肌を整える、リペア
お肌と共生,化粧品,OK,肌の変化を謳っていないため。,-
お肌とインタラクティブ,化粧品,OK,肌の変化を謳っていないため。,-
お肌を育む,化粧品,OKに近い,意味の具体化次第ではNGの可能性あるが、単独ならOKか。,-
お肌の内側から潤う,化粧品,条件付きOK,粧工連ガイドラインはNGだが、「お肌の内側※角質層」と注記すればOK。,-
アロマセラピーコスメ,化粧品,NG,「セラピー」は医薬品ワード。,アロマコスメ
リラックス (一般化粧品),化粧品,微妙,NGとする行政官もいる。,至福の一時
エモリエント成分配合 (一般化粧品),化粧品,OK,「肌を柔らかくする」と同義で効能範囲内。,-
浄化 (一般化粧品),化粧品,条件付きOK,角質を落とす趣旨ならOK。それ以外はNG。,-
還元力、還元作用 (化粧品広告),化粧品,微妙 (文脈次第),「抗酸化」の言い換え。治療的回復でなければ、汚れ除去や水分補給の意味でOKの可能性あり。,-
ピーリング (化粧品),化粧品,OK (物理的),角質層を物理的に落とす趣旨ならOK。,-
ケミカルピーリング (化粧品),化粧品,NG,医薬品の領域。,-
成分△△がコラーゲンを生成します。,化粧品,NG,機能表現であり効能範囲外。,コラーゲンと関係が深い成分△△配合
肌荒れを抑える (化粧品),化粧品,微妙 (ギリギリ),「肌荒れ予防」はOK。「抑える」はギリギリ。,肌荒れを防ぐ
肌荒れを鎮める (化粧品),化粧品,NG,治癒の趣旨は言えない。,肌荒れ対策 (ギリギリ)
成分特記表示「肌荒れ防止成分」,化粧品,OK,厚労省Q&Aで認められている。,-
肌の収れん成分,化粧品,OK,「肌を引き締める」と同等で効能範囲内。「収れん」は種類別名称としても認められている。,-
敏感肌も使えるビタミンC (化粧品広告),化粧品,NG,「敏感肌用」は化粧品全体を主語とする場合であり、成分 (ビタミンC) で受けることは不可。,-
スキンウォーターが膜を作りニキビを守ると共に抗炎症効果も,化粧品,NG (抗炎症部分),「膜を作りニキビを守る」はOK。「抗炎症効果」は医薬品的表現でNG。,お肌もやさしく守ります
お肌の皮脂量を減らす (一般化粧品),化粧品,OKに近い,肌表面の脂っぽい状態を改善する趣旨ならOK。,お肌の皮脂を取る
大豆エキスで肌サイクルをサポート。,化粧品,NG,「ターンオーバーを整える」に近く機能的表現。,肌リズムを整える (ギリギリ)
お肌の新陳代謝を向上 (一般化粧品),化粧品,NG,効能範囲外。,お肌のリズムのサポート
お肌の血行促進 (一般化粧品),化粧品,NG,効能範囲外。,お肌本来の力をサポート
角質層の先まで浸透。,化粧品,NG,真皮層への浸透を示唆するため。,角質層の奥まで浸透。
角質層の奥へ (化粧品),化粧品,微妙 (粧工連NG),粧工連ガイドラインはNGとしている。,奥へ (ギリギリ)
角質層の中から (化粧品),化粧品,微妙 (粧工連NG),粧工連ガイドラインはNGとしている。,中から (ギリギリ)
抗酸化力のある天然成分○○。,化粧品,NG,化粧品の効能として「抗酸化」は謳えない。,ＳＯＤ力（ないし還元力）のある天然成分○○。(SODの意味不明瞭でギリギリ)
ビタミンＥの１０００倍の抗酸化力があるアスタキサンチン配合,化粧品,NG,「抗酸化力」が効能範囲外。他社誹謗禁止にも抵触 (成分レベル比較もNG)。,美容パワー、ダメージケアパワー
細胞を息づかせる (一般化粧品),化粧品,NG,適正広告ガイドラインで細胞への言及はNG。,肌がくまなく息づいているみたい
細胞を活性化します (一般化粧品),化粧品,NG,効能範囲外。細胞レベルの話は不可。,肌環境を整えます、肌がイキイキします
幹細胞化粧品、幹細胞コスメ,化粧品,条件付きOK,成分の由来が幹細胞 (例: リンゴ幹細胞抽出エキス) ならOK。肌の細胞への作用はNG。「幹細胞コスメ」は※「植物幹細胞由来の意味」等の注記推奨。,-
幹細胞上清液使用,化粧品,OKに近い,「幹細胞培養上清液」の方がより正確。,幹細胞培養上清液使用
△△でターンオーバーを整える。,化粧品,NG,ターンオーバー周期を変える機能的表現であり、効能範囲外。,△△でターンオーバーをケア。(ギリギリ)
夏の疲れた肌に (一般化粧品),化粧品,NG,厚労省通知で「肌の疲れ」はNGとされている。,夏の傷んだ肌に、夏のダメージをケア
エイジングケア以外の表現 (若返り、老化防止),化粧品,条件付きOK,主観的な印象表現 (例: 実年齢より若く見える、老けて見えなくなった) なら必ずしもNGではない。,実年齢より若く見える、老けて見えなくなった
保湿・エイジングケア成分 (成分説明として),化粧品,NG,「エイジングケア成分」は概念的におかしい。「アンチエイジング成分」と誤認させる狙いと見られる。,美容業界でエイジングケアをサポートすると話題の保湿成分
エイジレスな肌,化粧品,グレー,若返り・老化防止とも取れるが、「年齢不詳」の意味とも取れる。,※「年齢を感じさせない肌のことです」と注釈すればよい。
アンチエイジングケア,化粧品,NG,「加齢を止めるケア」の意味になるため。,エイジングケア (年齢に応じたお手入れ)
アンチエイジング,化粧品,NG,加齢を止める意味のため。,エイジングケア
エイジングと戦う,化粧品,NG,「アンチエイジング」と同義のため。,-
抗加齢,化粧品,NG,加齢を止めるニュアンスのため。,-
△△は肌表面と肌内部で老化と戦う。,化粧品,NG,「老化と戦う」はアンチエイジングと同義。,△△は肌表面と肌内部でエイジングケア。
老化の原因にＳＰＦウォーター××,化粧品,NG,老化の原因と化粧品を結びつけるのは不可。「老化の原因となる紫外線対策に～」もNG。,-
テーピング効果 (一般化粧品),化粧品,NG,効能範囲外。,ピーンと張る (ギリギリ)
たるみを取る,化粧品,NG,効能範囲外。,スキッとひきしめ
化粧品の物理的効果でシワを伸ばす,化粧品,OK (要エビデンス),平成25年粧工連通知に基づき、事実の範囲で可能。エビデンス不可欠。,-
上記のビフォーアフター写真,化粧品,OK,適正広告基準改定で原則OK。効能範囲逸脱や保証表現に注意。,-
ビフォーアフター写真,化粧品,条件付きOK,効能範囲内、効果発現時間・持続時間の強調なし、安全性保証なしが条件,・メーキャップ効果として ・使用例として（※効果には個人差があります）
シワの予防 (一般化粧品),化粧品,NG,「解消」だけでなく「予防」もNG。,深く刻まれた悩み
WRINKLE (一般化粧品),化粧品,微妙,ブランド名ならOK。,-
小ジワの原因は乾燥。だから保湿を (一般化粧品),化粧品,OK (要エビデンス),新効能「乾燥による小ジワを目立たなくする」のロジックに合う。抗シワ試験のエビデンス必要。,-
シワ予防 (美容液・一般化粧品),化粧品,NG,「解消」も「予防」も不可。,リンクル (ブランド名等なら可)
クスミを取る (一般化粧品),化粧品,条件付きOK,汚れや古い角質によるものと注釈すればOK。,-
UV耐水性☆★ (星が白黒混合),化粧品,NG,☆☆か★★のみ。,UV耐水性☆☆、UV耐水性★★
UVウォータープルーフ (UV耐水性の代わり),化粧品,NG,「UV耐水性」はセットフレーズ。,-
UV耐水性表示＋「ウォータープルーフ」,化粧品,条件付きOK,UV耐水性の程度を惑わせる強調でなければOK。,-
メイク効果ウォータープルーフ！,化粧品,OK,UV耐水性制度とは別。自己責任で表示可。,-
植物原料の組み合わせで紫外線カット効果 (SPF/PA値あり) → 「日やけを防ぐ」「日やけによるシミ、ソバカスを防ぐ」,化粧品,OK,SPF/PAのエビデンスがあれば謳える。,-
サンゴで純白 (一般化粧品),化粧品,NG,「純白」は「美白」に準じ薬用限定。,純白のサンゴを使用 (OK)
絹の成分で美白 (一般化粧品),化粧品,NG,一般化粧品で「美白」は言えない。,絹を精練する職人の手の白さの謎を研究しています (ギリギリ)
純白の (一般化粧品),化粧品,NG,「美白」「ホワイトニング」に準じ薬用限定。,陶器肌へ
美白 (美容液・一般化粧品),化粧品,NG,一般化粧品では「美白」「白」は謳えない。,透明感
ファンデの色もワントーン明るくなった (一般化粧品),化粧品,OK,-,-
ファンデーションでシミなし,化粧品,微妙,メイクで「シミを隠す」はOK。「シミなし」が「隠す」と解釈できるかによる。,シミをカバー
洗い流してタオルで拭いた直後、顔がパッと白くなりビックリしました (一般化粧品),化粧品,NG,顔色が白くなるように読めるため。,洗い流してタオルで拭いた後に、顔がパッと明るくなったことにビックリしました
色白の私が選んだ化粧品 (一般化粧品),化粧品,OKに近い,美白効果を直接うたってはいないため。,-
△△（一般化粧品）で、肌色が白くなった。,化粧品,NG,一般化粧品で「白くなる」はNG。,△△で肌色が明るくなった。
魔法の白い手 (一般化粧品),化粧品,微妙,「もともと白い」と読めればOK、「商品で白くなった」と読めればNG。文脈による。,ＵＶカットで守る魔法の白い手 (OK)
透明感を増す (一般化粧品),化粧品,条件付きOK,汚れが取れたと説明できる場合 (例: 石けん洗顔) はOK。,石けんの泡洗顔で透明感が増す (OK)
シミ (美容液・一般化粧品),化粧品,NG (運用上),ルール上(効能37)はOKだが、行政はUV化粧品限定と解釈しNGとする。,-
目元のシミが気になっていたが、使い始めて肌トラブルが改善された,化粧品,NG,肌トラブル改善は効能範囲外。,目元のシミが気になっていたが、使い始めてお肌の調子がいいみたいです
××でシミ対策！ (一般化粧品),化粧品,NG (運用上),ルール上はOKだが行政はNGとする。※「日焼けによるシミ」と注記しても同様。,-
化粧水が肌の奥まで浸透,化粧品,条件付きOK（要注釈）,「肌の奥」は角質層を超える浸透を暗示するため,肌の奥（※） ※角質層まで
透明感のある肌,化粧品,条件付きOK,メーキャップ効果や洗顔効果として表現可能,・うるおいのある肌、明るい印象に ・（洗顔料）汚れを落とすことで透明感のあるお肌に ・（メーキャップ効果として）シミ・ソバカスをカバーし透明感のあるお肌に
くすみをとる,化粧品,条件付きOK（洗顔料）,物理的な汚れ除去として表現可能,（洗顔料）くすみ（※）を洗い流す ※くすみとは古い角層や汚れなどのこと
潤いを実感,化粧品,OK,使用感の表現として許容,潤いに満足
肌の保湿力を高める,化粧品,NG（肌機能への作用）,肌の機能を高めることは医薬品的効能,保湿力に優れた〇〇
たるんだ肌へ潤いを与えます,化粧品,条件付きOK,「たるみ」の改善を暗示しない表現へ,ハリのない肌へ潤いを与えます
皮脂の分泌をコントロールします,化粧品,NG（身体機能への作用）,分泌のコントロールは医薬品的効能,皮脂のバランスを整える
角質除去,化粧品,条件付きOK,物理的な除去として表現,肌をやわらげる
ほうれい線対策,化粧品,条件付きOK（部位表現）,治療・改善を暗示しない場合に限る,・ほうれい線用美容液【部位として表現】 ・ほうれい線ケア【部位として表現】 ・口元の年齢サイン対策
ほうれい線をケア,化粧品,NG（改善暗示）,シワの改善を暗示,〇〇が肌を引き締める
リフトアップ,化粧品,条件付きOK,メーキャップ効果として表現可能,・ハリアップ ・肌を引き締める ・肌を上向き印象へ ・（メーキャップ効果と合わせて）肌のリフトアップ
毛穴を引き締める,化粧品,条件付きOK,洗顔料は汚れ除去、その他は肌の引き締め,・（洗顔剤）洗顔により毛穴汚れを落とし、毛穴を目立たなくする ・（それ以外）肌をひきしめる
抗炎症効果,化粧品,NG（薬理作用）,抗炎症は医薬品的効能,肌をやさしく守ります
疲れた肌にアプローチ,化粧品,条件付きOK,「疲れ」の改善を暗示しない表現へ,1日頑張った肌にアプローチ
ニキビ対策,化粧品,条件付きOK（洗顔料）,洗顔料のみ「ニキビを防ぐ」表現可能,ニキビを防ぐ
厄介な乾燥やむける場合,化粧品,NG（症状表現）,病的な症状を想起させる,肌に違和感を感じた場合
お肌のシミ・そばかすに有効,化粧品,NG（有効は薬用のみ）,「有効」は医薬部外品の表現,日やけによるシミ、ソバカスを防ぐ
シミ解消,化粧品,NG（治療効果）,既存のシミの除去は不可,日やけによるシミ、ソバカスを防ぐ
シミが取れる,化粧品,NG（治療効果）,既存のシミの除去は不可,日やけによるシミ、ソバカスを防ぐ
シミ予防,化粧品,条件付きOK（注釈要）,UV化粧品で日焼けによるものに限定,【注釈等でも可】日やけによるシミ、ソバカスを防ぐ
夏のシミ予防,化粧品,条件付きOK（注釈要）,UV化粧品で日焼けによるものに限定,・【注釈等でも可】日やけによるシミ、ソバカスを防ぐ ・夏の紫外線対策
小ジワの原因を解消,化粧品,NG（原因解消）,原因の解消は医薬品的効能,乾燥による小ジワを目立たなくする
皮脂の分泌を抑えてニオイの元を絶つ,化粧品,NG（分泌抑制）,身体機能への作用は不可,〇〇の香りで嫌なカラダのニオイを抑える
肌のコラーゲンの生成をサポート,化粧品,NG（生成作用）,体内での生成作用は医薬品的効能,コラーゲンと関係が深い成分〇〇配合
デトックス,化粧品,NG（体内浄化）,解毒・体質改善の暗示,肌を整える、肌荒れを防ぐ
老廃物の排出,化粧品,NG（体内作用）,体内からの排出作用は不可,（洗顔料）汚れを落とします
老化防止,化粧品,NG（老化防止）,アンチエイジングは医薬品的効能,エイジングケア（※） ※年齢肌に応じたケア
アンチエイジング,化粧品,NG（老化防止）,老化を止める意味合いは不可,エイジングケア（※） ※年齢肌に応じたケア
肌細胞の再生力を高める,化粧品,NG（細胞作用）,細胞レベルの作用は医薬品的効能,・年齢を感じさせない肌 ・実年齢より若く見られました ・老けて見られなくなりました
肌の酸化を防ぐ,化粧品,条件付きOK,還元の意味を明確化すれば可能,・肌の還元【皮膚にうるおいを与える等の意味であること】 ・エイジングケア（※） ※年齢肌に合わせたケア
抗酸化力,化粧品,条件付きOK,物理的な保護として表現,・環境ダメージからお肌を守る ・還元力のある〇〇配合【皮膚にうるおいを与える等の意味であること】
美容液でパッチリ二重,化粧品,条件付きOK,物理的効果として表現,（粘着効果などの物理的な効果で）パッチリ二重
鎮静化,化粧品,NG（薬理作用）,鎮静は医薬品的効能,肌を引き締める
肌の細胞を活性化します！,化粧品,NG（細胞作用）,細胞への直接作用は不可,肌が生き生きしていると言われます
皮膚科医推奨,化粧品,NG（医療関係者推薦）,医療関係者の推薦は原則禁止,・スキンケアアドバイザー推薦 ・皮膚の専門家による推薦
美容師推薦,化粧品,NG（医療関係者推薦）,美容師も医薬関係者に該当,・スタイリスト推薦 ・髪のプロが推薦
肌を修復,化粧品,NG（治療的表現）,修復は医薬品的効能,肌を補修
ターンオーバー,化粧品,条件付きOK,着目した、サポートなら可能,・ターンオーバーに着目した〇〇 ・ターンオーバーが乱れやすい季節の変わり目に〇〇 ・肌リズムをサポート
肌を再生,化粧品,NG（再生作用）,再生は医薬品的効能,・ターンオーバーに着目した〇〇 ・ターンオーバーが乱れやすい季節の変わり目に〇〇 ・肌リズムをサポート
肌の新陳代謝を向上,化粧品,NG（代謝向上）,身体機能の向上は不可,・ターンオーバーに着目した〇〇 ・ターンオーバーが乱れやすい季節の変わり目に〇〇 ・肌リズムをサポート
口臭菌を撃退,化粧品,NG（殺菌作用）,殺菌は医薬品的効能,口臭を撃退
小顔,化粧品,条件付きOK,マッサージ効果と組み合わせて,・肌を引き締める ・（マッサージ効果と組み合わせ）小顔
漢方由来,化粧品,NG（医薬品想起）,漢方は医薬品を想起,・植物由来 ・古くから愛用されている成分
生薬由来,化粧品,NG（医薬品想起）,生薬は医薬品成分,・植物由来 ・古くから愛用されている成分
クラウドファンディングで薬事超え表現→出資者特典で商品安価販売,化粧品 (CBDクリーム等),NG,特典付与で顧客誘引性が生じ薬機法適用。薬事超え表現は違反。,出資者特典を付けない。
ヘアカラー施術中の頭皮の違和感を緩和するスプレー式頭皮保湿オイル,化粧品 (オイル),NG (化粧品) / OK (雑品、要ロジック変更),化粧品効能外。物理的保護 (シート役割) ロジックで雑品なら可。「物理的カバー効果」等明記推奨。,-
膣トリートメントオイル,化粧品 (オイル),微妙 (用法次第),膣内使用ならNG。膣外使用ならOK。用法を明確化推奨。,デリケートゾーン用トリートメントオイル
コラム方式 (広告と別枠で一般的効能説明),化粧品 (クリーム),OK,広告部分と明確に分離し、リンク等がなければOK。,-
種類別名称「クリーム」(紫外線カット効果あり),化粧品 (クリーム),OK,カテゴリーとして意味があり実態を反映していればOK。「日焼け止め」でなくても可。,-
SUPER COLLAGEN CREAM (パッケージデザイン文字),化粧品 (クリーム),条件付きOK,特記表示にあたるため、配合目的「COLLAGEN (保湿成分として配合)」等の併記が必要。,-
万能クリーム (商品名),化粧品 (クリーム),NG,最大級表現であり適正広告基準違反。,お宝クリーム
クリームをお口の中に塗って口腔保湿！,化粧品 (クリーム),NG,口腔内 (粘膜) への塗布は化粧品範囲外。,-
白髪染めクリーム広告で「染める」「ヘアカラー」 (一般化粧品),化粧品 (クリーム),OKに近い (媒体審査注意),公正競争規約ではOKだが、業界自主基準等でNGとされる可能性あり。※「物理的に染める」旨の注記推奨。,-
マタニティクリーム、妊娠時の敏感肌に,化粧品 (クリーム),OK,妊娠時の乾燥に対する保湿というロジックならOK。※「妊娠時の肌の乾燥を考慮」等の注記推奨。,-
妊娠線対策,化粧品 (クリーム),NG,OKロジックが成立しない。,-
バストトップにピンク△△（クリーム）,化粧品 (クリーム),微妙 (黒ずみケアならOK),美白効果は無理。着色効果ならOK。黒ずみケアなら※「汚れや古い角質による」と注記。,-
バスト用クリーム,化粧品 (クリーム),OK,部位用表示はOK。,※「バストアップ用」はNG。
体臭を元からカットする消臭クリーム××,化粧品 (クリーム),NG,一般化粧品では臭いを消すは言えない。,体臭もカバーするマスキングクリーム××
カラダの中から溢れるバラの香り、フレグランスクリーム××,化粧品 (クリーム),NG,「カラダの中から溢れる」は化粧品の芳香効果 (香りを足す) を超える。,体臭、口臭、加齢臭に、フレグランスクリーム××
商品名「リッチパワーリフトクリーム」,化粧品 (クリーム),微妙,「リフト」が「肌を引き上げる」意味ならNG。「肌のコンディションを高める」意味ならOKに近い。,-
ほうれい線ケア,化粧品 (クリーム),微妙,「ほうれい線」は「シワ」とも「部位」とも取れる。部位の意味ならOKだが担当官による差あり。,ほうれい線周りに (同様に微妙)
ほうれいに満足、豊麗に満足,化粧品 (クリーム),微妙 (ほうれい) / OK (豊麗),「豊麗」は意味が異なりOK。「ほうれい」はどちらとも取れNGリスクあり。,豊麗に満足
小ジワの悩みに！ (見出し、抗シワ試験済みクリーム),化粧品 (クリーム),NG,粧工連通知で「小ジワ」のみの強調、悩み解消表現はNG。,「乾燥による小ジワの悩みに*！ *乾燥小ジワを目立たなくします」 (注釈付き)
花粉やほこりふきなどの微粒子汚れから肌をガード (汗ふきシート),化粧品 (シート),条件付きOK,化粧品効能(27)「皮膚を保護する」で説明可能だが、物理的保護の作用機序説明とエビデンスが必要。「雑菌」「ウイルス」はNG。,花粉・ちり・ホコリなどの微粒子汚れから肌を守る
デトックス (ジェル・クリーム),化粧品 (ジェル・クリーム),NG,解毒は効能範囲外。粧工連ガイドラインでもNG。,老廃物を排出 (※汚れや古い角質という趣旨と注記要)
スリミングジェル,化粧品 (ジェル),NG,粧工連ガイドラインで「スリミング」は不可。,美しいシルエットに (ギリギリ)
排出、浄化、還元、スッキリ (マッサージジェル),化粧品 (ジェル),条件付きOK,対象物 (汚れ、皮脂、古い角質) を明示し、除去の意味と注釈すればOK。,ボディマッサージで不要物を浄化* (*汚れや皮脂を除去すること)
毒素を排出 (マッサージジェル),化粧品 (ジェル),NG,上記ロジックで説明不可。,-
フェイスラインに小顔ジェル,化粧品 (ジェル),NG,「小顔」はNG。,-
フェイスラインにスリミングジェル,化粧品 (ジェル),NG,「スリミング」は適正広告ガイドラインで不可。,-
目元に塗るジェル状美容液で物理的にシワをカバー,化粧品 (ジェル美容液),条件付きOK,物理的なメーキャップ効果として可能だが、事実である根拠が必要。「隠す」「なくなる」はNG。「カバー」も完全カバーの意味ならNG。「対策」「目立たなくなる」は可。,-
オーガニックシャンプー (オーガニックエキス少量配合),化粧品 (シャンプー),注意必要,「オーガニック」表示ルールなし。少量配合で「オーガニックシャンプー」は景表法リスク。配合割合や成分注釈推奨。,-
美容師がシャンプーのコメント,化粧品 (シャンプー),NG (原則) / 条件付きOK,使用コメントは体験談禁止。顧客の変化を実況する形式ならOKの可能性 (推薦と見られないよう注意)。,-
白髪を改善し、黒髪にするシャンプー,化粧品 (シャンプー),NG,色の変化は言えない。カラーリングによる物理的着色のみ可。,黒髪を美しくはぐくむ、白髪を若々しい印象にする、白髪に艶を与える
抜け毛を防止するミラクル育毛剤と共に、ミラクルシャンプーもお使い下さい,化粧品 (シャンプー),OKに近い,シャンプー自体の効能ではないため。※「ミラクル」は最上級類似でNG。「OMG」等に変更要。,-
地肌に栄養を与える (シャンプー),化粧品 (シャンプー),NG,厚労省通知で「栄養補給」は不適正表現。,-
髪のサプリ (ヘアケア商品),化粧品 (シャンプー等),OKに近い,「サプリ」に法的定義なく、美容目的の成分補給と解釈可能。食品と誤認されないよう注意。,-
ドライマウスでお悩みの方へ、保湿スプレーでお口をうるおす,化粧品 (スプレー),NG (ドライマウス部分),「ドライマウス」は疾病名 (口腔乾燥症) のためNG。「お口をうるおす」はOK。,ドライなマウス、乾燥した口腔
髪の芯まで浸透 (ヘアートニック・一般化粧品),化粧品 (トニック),OK,粧工連ガイドラインで認められている。,-
ヘア―トニックでリペアー、インプルーブ,化粧品 (トニック),OKに近い,回復・改善には至らないため。髪の「リペア」「補修」は物理的効果として可能。,-
ヘア―トニックで髪の毛を太くする,化粧品 (トニック),NG,育毛剤でもNG。,毛力UP (イメージ的ならOK)
ヘア―トニックで抜け毛防止,化粧品 (トニック),NG,部外品(育毛剤)限定。,健やかな髪を育む (微妙)
薄毛が気になるところにお使い下さい (ヘアートニック・一般化粧品),化粧品 (トニック),NG,都庁講習会で育毛効果暗示としてNGとされた。,毛髪の土台を整える (ギリギリ)
かかとの垢や皮がボロボロとれる (ピーリング剤),化粧品 (ピーリング剤),OKに近い,「垢や皮」が汚れや古い角質であれば角質層までの作用としてOK。,-
小顔メイク、矯正ファンデ (アルビオン),化粧品 (ファンデーション),微妙 (矯正部分),「小顔メイク」は色彩効果ならOK。「矯正」は物理的効果のニュアンスがあり、狭義の物理的効果がないとNG。,-
ＰＲＯが仕立てたようにフォルムまでもきれいに魅せる美しさを形状記憶した強靭なヴェール。『小顔』といえばタイトルフィルムファンデーション。,化粧品 (ファンデーション),OK (要エビデンス),色彩効果または物理的効果として、エビデンスがあればOK。後者のエビデンスは難しい。,-
フェイスシートでニキビ予防 (洗顔料として),化粧品 (フェイスシート),NG (原則),洗顔料としての実態がなく、ふき取り行為による効果としてもエビデンス必要。,-
夏に傷んだ髪を修復,化粧品 (ヘアケア),NG,元に戻る表現は不可。,夏に傷んだ髪を補修
毛髪の紫外線防止効果,化粧品 (ヘアケア),条件付きOK,定められた測定基準はないが、カットのロジックで言及可。独自エビデンス必要。,-
朝用フェイスマスク,化粧品 (マスク),OK,用法用量表現。「朝専用」はNG。,-
まつ毛リキッド××でまつ毛グロー,化粧品 (リキッド),NG,「グロー」は育毛に匹敵し部外品限定。,健やかに保つ
安心・安全の商品 (化粧水),化粧品 (化粧水),NG,安全性の保証となり適正広告基準違反。,良心設計の商品
目の下がふっくら (化粧水),化粧品 (化粧水),微妙 (注記付き),機能的表現だが、「＊角層が保湿で潤うこと」と注記すれば微妙。,-
××化粧水でコラーゲンを生み出す。,化粧品 (化粧水),NG,機能的表現であり、効能範囲外。,※部外品の作用機序としてならOK。
ビタミンC入りで肌にやさしい (化粧水プロモーション),化粧品 (化粧水),OKに近い,成分に対する「肌にやさしい」は虚偽・不正確でなければOK。,-
パラベンフリーで肌にやさしい (化粧水プロモーション),化粧品 (化粧水),NG,パラベン含有品への他社誹謗にあたる。,-
お肌のチカラがしっかり機能するように作られた化粧水,化粧品 (化粧水),NG,「機能」は刺激的なワード。,お肌のチカラがしっかり発揮させる、お肌のチカラをしっかりサポートする
化粧水△△でお肌の酸化を防ぎましょう,化粧品 (化粧水),NG,酸化の予防もNG (都庁見解)。,環境ダメージからお肌を守る
化粧水△△でお肌のサビを防ぎましょう,化粧品 (化粧水),NG,サビの予防もNG (都庁見解)。,環境ダメージからお肌を守る、お肌を還元
ターンオーバーの乱れを防ぐ (化粧水),化粧品 (化粧水),OKに近い (ギリギリ),乱れるのを整えるのはNGだが、乱れないようにする趣旨ならOK。「保湿によりターンオーバーをサポートする」ならギリギリ。,保湿によりターンオーバーをサポートする
たるんだ肌へ (化粧水),化粧品 (化粧水),NG,たるみ改善と解釈されるため。,ハリのない肌へ、ハリなし肌へ
リフトアップ (化粧水),化粧品 (化粧水),NG,たるみ改善と解釈されるため。,ハリのない肌へ
気になる目元の専用化粧水,化粧品 (化粧水),NG (「専用」部分),「目元」という部位指定はOKだが、「専用」は適正広告ガイドラインでNG。,目元のための化粧水
化粧水でクスミをとる,化粧品 (化粧水),NG,「洗えば取れる」ロジックが成り立たず、肌内部の改善も効能範囲外。,化粧水でクスミのケア (ギリギリ)、化粧水で肌の粉吹きを抑える
フェロモン香水で「恋愛運が高まり結婚できた」体験談,化粧品 (香水),NG (景表法),「恋愛運」はOKだが、「結婚できた」は具体的便益で景表法対象 (根拠なければNG)。,-
口腔内細菌数を測定し、使用前後で変化を広告 (オーラルケア商品),化粧品 (歯磨き剤等),NG,実験例示は保証表現にあたりNG。一般化粧品で除菌等の作用も言えない。,-
石けん（一般化粧品）で殺菌！,化粧品 (石鹸),NG,殺菌は薬用化粧品 (殺菌剤主剤) 限定。,石けん（一般化粧品）で抗菌！
顔ダニキラーの××石けん（一般化粧品）,化粧品 (石鹸),NG,「キラー」は殺菌を意味し、薬用限定。,顔ダニを寄せ付けない××石けん（一般化粧品）
石鹸でクスミをとる,化粧品 (石鹸),条件付きOK,外部的な汚れや老廃物によるクスミを洗って取る趣旨ならOK。※「汚れや老廃物によるもの」等の注記が必要。,-
頭皮美容液でフケ・カユミ訴求,化粧品 (頭皮美容液),OK (薬機法) / 要エビデンス (景表法),化粧品カテゴリーの垣根なく効能(11)(12)は訴求可能。景表法上エビデンス推奨。,-
導入液Aは美容液Bの浸透を高める (ブースター),化粧品 (導入液),NG (薬機法),化粧品56効能外。,次に使う美容液の浸透を助ける (※商品名出さず)
全成分表示しない「キャリーオーバー成分」の判断 (製造助剤の界面活性剤),化粧品 (入浴料),NG,効果(剥離促進等)を発揮させるための成分はキャリーオーバー定義外。,全成分表示に記載する。
成分特記表示 (コラーゲン、ヒアルロン酸),化粧品 (美容液),条件付きOK,強調表示でなければ配合目的併記不要 (文章中の記載は特記表示にあたらない)。強調する場合は配合目的 (例: 保湿成分) が必要。,-
パッチリ二重 (美容液),化粧品 (美容液),条件付きOK,粘着効果による物理的効果ならOK。※「＊粘着効果」と注記推奨。,-
美容液でコラーゲンを補給する,化粧品 (美容液),OK,機能的表現ではないため。,-
美容液がコラーゲンを育む,化粧品 (美容液),微妙 (ギリギリ),「産む」より弱いが機能的表現に近い。,-
美容液がコラーゲンをプロデュースする,化粧品 (美容液),微妙 (さらにギリギリ),「育む」よりさらに機能性が弱いため。,-
美容液がコラーゲンを生成する力を守る,化粧品 (美容液),微妙 (アウトに近い),「生成する」とは言っていないが、示唆が強い。,-
美容液で大人ニキビ防止 (一般化粧品),化粧品 (美容液),NG,一般化粧品で「ニキビ予防」が言えるのは洗顔料のみ。,オイリートラブルをケア
美容液で大人ニキビを撃退,化粧品 (美容液),NG,薬用でも「予防」まで。,美容液で大人ニキビを予防 (薬用の場合)
ニキビ (美容液・一般化粧品),化粧品 (美容液),NG,一般化粧品で「ニキビ」が言えるのは洗顔料限定。,※美容液を洗顔料として使用するなら可。
敏感肌用美容液,化粧品 (美容液),OK (要エビデンス・注記),公正競争規約で認められている。パッチテスト等のエビデンスと「〇時間パッチテスト済み」等の注記が必要。,-
美容液××が皮脂の分泌をコントロールします。,化粧品 (美容液),NG,機能的な表現のため。,皮脂のバランスを整える
美容液が皮脂のバランスを整える,化粧品 (美容液),条件付きOK,肌表面の皮脂状態調整なら機能的表現ではなくOK。,-
深い溝を埋める美容液,化粧品 (美容液),NG,メイク系ならOKだが、美容液ではシワ解消の暗示となり不可。,表情線に (ギリギリ)
美容液広告の「くすみ」注釈：「乾燥により肌がくすんで見える状態」または「汚れや古い角質による」,化粧品 (美容液),どちらもOK,どちらも化粧品の効能範囲 (保湿、古い角質ケア) で説明可能。事実に基づき選択。,-
更年期の女性のホルモンバランスの乱れが原因→本品で解決→おすすめ (育毛剤),化粧品 (部外品),NG (ホルモンバランス解消部分) / OK (作用機序として、要エビデンス),ホルモンバランス解消は承認効能外。作用機序 (ホルモンバランス乱れ解決→育毛) としてならエビデンスあれば訴求可。,-
氷点下 (l-メントール配合育毛剤),化粧品 (部外品),NG,-,-
染毛剤で「手軽」「やさしい」,化粧品 (部外品),NG (業界自主基準),工業会自主基準でNG。,※染毛料(化粧品)なら制限なし。
有効成分○○が頭皮の皮脂腺を正常化して油っこい頭皮を解消 (育毛剤),化粧品 (部外品),NG (正常化部分) / OK (作用機序として、要エビデンス),「皮脂腺正常化」は言えない。「油っこい頭皮をスッキリ」ならOK。作用機序としてなら「正常化」もエビデンスあれば可。,有効成分○○が油っこい頭皮をスッキリさせます
コラーゲン産生、繊維芽細胞を活性化 (シワ改善部外品の作用機序として),化粧品 (部外品),OK (要エビデンス),部外品はエビデンスがあれば作用機序を訴求可能。承認効能 (シワ改善) の範囲を超えないこと。,-
育毛剤ビフォーアフター: 分け目から毛が生える,化粧品 (部外品),NG,承認効能「発毛促進」を超え「発毛」を示唆するため。,-
育毛剤ビフォーアフター: 毛が太くなる,化粧品 (部外品),NG,承認効能外。,-
育毛剤ビフォーアフター: 髪のボリュームアップ (ぺっちゃんこ→ボリューミー),化粧品 (部外品),OK,承認効能「毛生促進」の範囲内。,-
冷凍庫での保管をおすすめ (冷感育毛剤),化粧品 (部外品),OK (使用感レベルなら),※「満足度アップ」等は使用感超えるためNG。,冷やして使うことで快適に使える、冷やして使用すると冷却刺激によって快適に使用できる
人気NO1 (育毛剤LP),化粧品 (部外品),OK,「人気」は効能効果・安全性ではないため、適正広告基準違反ではない。,-
育毛剤広告で保湿効果 (例: 肌を潤わせ乾燥トラブルを防ぐ),化粧品 (部外品),NG (原則),育毛剤は薬用化粧品ではないため、化粧品の効果 (保湿) は原則謳えない。,※有効成分のサポート (頭皮保護、使用感向上) 程度なら可。作用機序としてならエビデンスあれば可。
生薬由来の有効成分配合 (育毛剤),化粧品 (部外品),OK,事実で有効成分であればOK。,-
保湿成分〇〇エキス配合 (湿潤剤として承認),化粧品 (部外品),OK,湿潤剤と保湿成分は同義のため。,-
アイスタイプ、冷感、ICE、ひんやり (l-メントール配合育毛剤),化粧品 (部外品),OK,実際に冷感の使用感があればOK。,-
手足の冷えに (入浴剤・部外品),化粧品 (部外品),NG,承認効能「冷え症」を逸脱。部位限定不可。,冷え症に
複数の承認効能のうち特定の一つを広告,化粧品 (部外品),OK,適正広告基準で認められている。,-
育毛剤の無料貸し出し→使用分補充・費用請求 (美容室),化粧品 (部外品),条件付きOK,化粧品の分割販売にあたり、顧客の求めに応じる、法定表示、衛生環境保持が必要。,-
女性専用 (育毛剤),化粧品 (部外品),NG (粧工連),粧工連ガイドラインでNG。,女性用
円形脱毛症に (育毛剤),化粧品 (部外品),NG,特定の脱毛症への効果は医薬品限定。,脱毛に
育毛剤××で白髪予防,化粧品 (部外品),NG,育毛剤でも白髪予防は言えない。「豊かな黒髪を育てる」程度。,豊かな黒髪を育てる
発毛抑制 (医薬部外品),化粧品 (部外品),NG,除毛はOKだが発毛抑制は異なる。,ムダ毛が気にならなくなった
ゲルマで発汗 (入浴剤・部外品),化粧品 (部外品),NG,発汗は言えるが、ゲルマによる発汗は言えない。,ゲルマ風呂でリフレッシュ。有効成分△△が温浴効果を高め、発汗を促します。
ニキビに (医薬部外品化粧水),化粧品 (部外品),条件付きOK,「防ぐ」か「治す」か不明瞭。「ニキビ防止の意味です」と注釈し、部外品明記が必要。,ニキビを防ぐ
有効成分が真皮まで浸透 (シワ改善部外品),化粧品 (部外品),OK (要エビデンス),部外品はエビデンスがあれば作用機序として訴求可能。,-
深いシワを改善 (シワ改善部外品),化粧品 (部外品),微妙,「シワを改善」はOKだが、「深い」が効能逸脱・保証違反と見られる可能性。,”悩みの深い”シワを改善
薬用ハミガキ(洗口液)で非有効成分XYZの効果として「XYZとブラッシングで歯を白くする」,化粧品 (薬用),NG,ホワイトニング効果は有効成分によるもの。非有効成分の効果としては訴求不可。,-
薬用化粧品の一般化粧品的効果「保湿力UP」(美白美容液),化粧品 (薬用),OK,部外品本来の目的を隠蔽せず、保健衛生上問題なければOK。,-
薬用化粧品の一般化粧品的効果「爪の美白効果」(美白美容液),化粧品 (薬用),NG (通常),爪への用法が承認されていなければ不可。,-
背中ニキビ用 (薬用化粧水),化粧品 (薬用),NG (原則),背中ニキビ対象が承認されていなければNG。広告でもリスクあり。,-
強い効果 (薬用化粧品),化粧品 (薬用),NG (粧工連),粧工連ガイドラインでNG。,感動的効果、広く愛される効果
肌あれ (薬用化粧品の効能),化粧品 (薬用),NG (「肌あれ解消」は不可),薬用でも「肌荒れ防止」まで。,肌荒れを防ぐ
アクネ菌を殺菌 (薬用洗顔料),化粧品 (薬用),NG (通常),通常、薬用化粧品ではアクネ菌殺菌は承認されていない。,-
シミの記憶をゼロ化へ (美白美容液 HAKU),化粧品 (薬用),OKに近い,「シミをゼロへ」はNGだが、「記憶をゼロ化へ」は意味不明瞭なため不可ではない。,-
シミ抑制 (薬用美白化粧品),化粧品 (薬用),条件付きOK,「抑制」は「予防」とも「今あるシミを抑える」とも取れるため、「シミ予防」の注釈 (「日焼けによる」も含む) が必要。,シミ予防
夏のシミ対策 (薬用美白化粧品),化粧品 (薬用),NG (単独),「予防」省略はNG。,※「日焼けによるシミを防ぎます」という注釈を付ければOK。
△△（薬用化粧品）で、肌色が白くなった。,化粧品 (薬用),条件付きOK,※「メラニンの生成を抑え、日焼けによるシミ・ソバカスを防ぐ。」の注記が必要。,-
シミの根を絶つ (薬用化粧品),化粧品 (薬用),OK,「メラニンの生成を抑える」効果から説明可能。,-
美白ケア (美白剤・薬用化粧品),化粧品 (薬用),NG,「予防」しか言えないため「ケア」は逸脱。※「美白」には「メラニンの生成を抑え、シミ・ソバカスを予防」の注記も必要。,美白予防
薬用ハミガキ+LED照射でホワイトニング,化粧品 (薬用) / 医療機器,NG,薬用ハミガキは単体でホワイトニング可。LEDとの組み合わせは承認外。LED機器の効果も限定的。,-
化粧品+Somethingのセット (美白剤入り美顔器),化粧品 (薬用) + 医療機器,注意必要,美白剤の用法が承認制。「この美顔器専用」はNG。「この美顔器で使うと実力を発揮」のような表現。,-
着る化粧品 (アミノ酸由来成分でうるおい訴求),化粧品 / 衣料品,微妙 (ダブル表示推奨),成分効果なら化粧品、衣の効果なら衣料品。両方の価値がある場合は両方の表示をすべき。,-
歯磨き類で「美白」「ホワイトニング」,化粧品 / 化粧品 (薬用),OK,スキンケアとは異なり、「美しく白い」の意味で使用可。一般化粧品はブラッシング併用。,-
化粧品+サプリのセット広告,化粧品 + 健康食品・サプリメント,注意必要,全体で化粧品の効能 (例: 髪) を超えないように。サプリの効果が化粧品にもあると誤認させない構成。,-
へそゴマクリーナー (フォーム+綿棒),化粧品 + 雑貨,微妙 (医療機器リスク),綿棒挿入は粘膜損傷リスクあり医療機器扱いの可能性。コットン使用なら非医療機器OK。,コットンでふき取る形式に変更。
化粧品+Somethingのセット (化粧水を浴びせるシャワー),化粧品 + 雑貨,OK (要表示),化粧品としての法定表示 (製販、全成分等) が必要。,-
コラーゲン美容液とコラーゲンサプリを同一紙面で広告,化粧品・健康食品・サプリメント,注意必要,広告自体はOKだが、健食が「美肌」を標榜できないため、化粧品の美肌効果も謳えなくなる。,-
化粧品・部外品のビフォーアフター写真 (強烈な変化),化粧品・部外品,微妙 (保証禁止違反リスク),効能範囲内でも、強烈な変化は適正広告基準3(5)保証禁止違反とされる可能性あり。,-
"歯のホワイトニングB/Aコメント「3か月ぶりの歯科検診で""ずいぶん白くなったね""と言われました」",化粧品・部外品 (歯磨き等),OK,期間を直接示さずコメントで表現しているため。,-
化粧品等の体験談で効果効能を標榜,化粧品・部外品・医薬品・医療機器,NG,適正広告基準で原則禁止。,使用感 (スーッと伸びる等) のみOK。期待感、第三者トークはOK。
LED照射機器 (雑品) をホワイトニングジェル (化粧品/部外品) とセット販売,化粧品/部外品 + 雑貨,条件付きOK,セット販売自体はOKだが、LED照射をホワイトニング手法として説明するとNG。LEDは別目的 (メンテナンス等) で説明。,-
定期初回無料、2回目以降割引、初回解約時差額請求プラン,化粧品等,OK,通常価格分請求は過大な負担要求ではない。,※解約条件、差額請求について明確に記載必要。
注釈 (※) の仕方 (例: シミ全てに「※日焼けによる」を付けるか),化粧品等,微妙 (ケースバイケース),強調表示に近接が基本だが全てに必須ではない。消費者庁ガイドラインは「総合的に判断」。消費者テスト推奨。,-
中鎖脂肪酸、ラウリン酸を関与成分とする機能性表示,機能性表示食品,微妙 (受理例あり),飽和脂肪酸は原則対象外だが、「作用機序が異なる」等の理由で受理された例あり。建て付け次第。,ノコギリヤシエキスを関与成分としラウリン酸を指標成分とする方法も。
関与成分のネーミング (独自名称、例: プラズマ乳酸菌),機能性表示食品,条件付きOK,第三者が名称から化合物を特定でき、学会等でコンセンサスが得られた一般的名称なら可。複数論文等での使用実績要。,-
ニンニクサプリでアリインを関与成分とし疲労感軽減,機能性表示食品 (サプリ),OK,受理実績あり。,-
上記広告で「スタミナアップ」,機能性表示食品 (サプリ),NG,「疲労感軽減」は主観的であり、客観的な「スタミナアップ」は逸脱。,-
上記広告で「ビタミンB1の吸収を高める」,機能性表示食品 (サプリ),NG,「AがBの吸収を高める」は別の機能性であり逸脱。,-
機能性表示食品と同一中身の一般食品を同一サイトで販売,機能性表示食品・一般食品,OK,横リンク等がなく、一般食品に機能性があると誤認させなければ問題ない。,-
体験談の注記「成分○○の感想です」,機能性表示食品等,有効,SRがエビデンスの場合や成分エビデンスない場合に推奨。,-
ビーカー内での炭のラー油吸着実験画像 (炭の健食LP),健康食品・サプリメント,条件付きOK,厚労省通知に基づき、「あくまでもビーカー内の話で体の話ではない」と明記すれば薬機法違反ではない。,-
上記画像+コメント「炭は食べた脂質が体に吸収されずに排出されるよう油分を吸着」,健康食品・サプリメント,NG,体内の話に繋げているため薬機法違反。,-
タウリン配合 (健食パッケージ),健康食品・サプリメント,条件付きOK,化学物質由来なら医薬品成分だが、動植物由来なら必ずしも該当せず。添加物使用の場合もある。由来等明確化要。,-
体の中から潤う,健康食品・サプリメント,条件付きOK,体内への直接作用を暗示しない表現へ,インナーケアで日々の生活にうるおいを
アルコール代謝を促進,健康食品・サプリメント,NG（代謝促進）,身体機能への作用は医薬品的効能,・アルコールに関わります ・夜のお付き合いが多い方に
肝臓の健康をサポート,健康食品・サプリメント,NG（臓器への作用）,特定臓器への作用は不可,お酒好きの健康をサポート
脂肪の消化をサポート,健康食品・サプリメント,NG（消化作用）,消化機能への作用は不可,・脂肪を含む食事との相性がいい食品 ・脂っこい食事をサポート
髪、肌、爪の健康をサポート,健康食品・サプリメント,条件付きOK,美容目的なら可能,見た目の健康をサポート
ビタミンCと相乗的に効果を発揮します,健康食品・サプリメント,NG（効果発揮）,薬理作用的な表現,ビタミンCと相性がいい
回復をサポート,健康食品・サプリメント,NG（回復は医薬品的）,疲労回復等を暗示,リカバリーをサポート
更年期,健康食品・サプリメント,NG（疾病関連）,更年期障害を想起,ゆらぎ世代
漢方、漢方薬,健康食品・サプリメント,NG（医薬品）,医薬品カテゴリーの表現,和漢植物
アーユルヴェーダ成分,健康食品・サプリメント,条件付きOK,医薬品的効能を暗示しない表現へ,・インドで伝統的に使われてきた成分 ・古代インドの知恵
諸外国で医薬品として使用されています,健康食品・サプリメント,NG（医薬品暗示）,医薬品であることの暗示,諸外国でも親しまれています
風邪予防に,健康食品・サプリメント,NG（疾病予防）,疾病の予防は医薬品的効能,季節の変わり目の栄養補給に
心をリラックス,健康食品・サプリメント,条件付きOK,精神への作用を暗示しない表現へ,・リラックスタイムのお供に ・張り詰めた1日の終わりに
ストレス対策,健康食品・サプリメント,NG（症状対策）,ストレスという症状への対策,毎日慌ただしい日々を過ごしている方へ
免疫サポート,健康食品・サプリメント,NG（免疫機能）,免疫機能への作用は医薬品的効能,・バリアサポート ・病気に負けない体つくりをサポート
抵抗力を高める,健康食品・サプリメント,NG（身体機能向上）,身体機能の向上は医薬品的効能,・日々の健康のために ・健康維持のために
疲れがとれにくい,健康食品・サプリメント,NG（疲労回復暗示）,疲労回復は医薬品的効能,・若々しさをケア ・健康的な毎日のために ・翌朝から思い切って仕事をするために
疲れが溜まっている方に,健康食品・サプリメント,NG（疲労回復暗示）,疲労回復を暗示,・1日頑張ったご褒美に ・何か元気が出ない人に
良い眠りのために,健康食品・サプリメント,条件付きOK,睡眠改善を暗示しない表現へ,おやすみタイムに
睡眠に、眠りの質が気になる方に,健康食品・サプリメント,NG（睡眠改善）,睡眠の質改善は医薬品的効能,・翌朝スッキリしたい方に ・スッキリした朝を迎えたい方に
筋力を高めたい方へ,健康食品・サプリメント,NG（筋力向上）,身体機能の向上は不可,・より高度な筋肉トレーニングを求めている方へ ・筋肉トレーニング時の効率的な栄養補給を求めている方へ
筋肉疲労を遅らせます,健康食品・サプリメント,NG（疲労への作用）,疲労への作用は医薬品的効能,筋肉トレーニングのリセットに
デトックス,健康食品・サプリメント,NG（解毒作用）,解毒・体内浄化は医薬品的効能,・キレイをつくる（内側からキレイに） ・毎日イキイキした生活
新陳代謝を促す,健康食品・サプリメント,NG（代謝促進）,代謝促進は医薬品的効能,体力作りをサポート
消化改善,健康食品・サプリメント,NG（消化機能改善）,消化機能の改善は医薬品的効能,・毎日の快調 ・気持ちいい食後のサポート
便秘、お通じ,健康食品・サプリメント,NG（症状）,便秘は疾病・症状,・爽快気分 ・毎朝スッキリ ・生活リズムを整える
便秘解消,健康食品・サプリメント,NG（症状解消）,症状の解消は医薬品的効能,重苦しい毎朝がスッキリ
血液サラサラ,健康食品・サプリメント,NG（血液性状変化）,血液性状の変化は医薬品的効能,青魚のサラサラ成分
血糖値が気になる方に,健康食品・サプリメント,NG（疾病指標）,血糖値は疾病の指標,・甘いものが気になる方に ・甘いものが我慢できない方に
冷え性,健康食品・サプリメント,NG（症状）,冷え性は症状,夏でもカーディガンが手放せない方に
若返りの秘訣！,健康食品・サプリメント,NG（若返り）,若返りは医薬品的効能,・若々しさの秘訣 ・いつまでも若々しい生活を送りたい人へ ・10歳年下の妹に間違えられました
若返る,健康食品・サプリメント,NG（若返り）,身体の若返りは不可,・若々しさ ・ベストコンディション
長寿,健康食品・サプリメント,条件付きOK,寿命延長を暗示しない表現へ,いつまでも若々しい日々を送る
生理痛が気になる方に,健康食品・サプリメント,NG（症状）,生理痛は症状,女性特有の悩みをお持ちの方に
女性ホルモンを刺激,健康食品・サプリメント,NG（ホルモン作用）,ホルモンへの作用は医薬品的効能,・女子力アップ ・女性美のために
妊活におすすめ,健康食品・サプリメント,NG（妊活）,不妊治療を暗示,妊娠前や妊娠時に不足しがちな栄養補給
男性機能、夜もバッチリ,健康食品・サプリメント,NG（性機能）,性機能への作用は医薬品的効能,・精力的な生活をサポート ・下半身の健康をサポート ・男らしさをバックアップ ・男性のチカラに ・年齢を重ねても現役でいたい人のために
育毛サプリ,健康食品・サプリメント,NG（育毛効果）,育毛は医薬品的効能,・美容院が開発したサプリ ・髪のプロが開発したサプリ
髪の健康に,健康食品・サプリメント,条件付きOK,美容目的なら可能,・見た目の健康に ・美容のために
アイサプリ,健康食品・サプリメント,条件付きOK,眼への効果を暗示しない,眼の構成成分〇〇配合サプリ
鼻がすーっと通る,健康食品・サプリメント,NG（症状改善）,鼻づまりの改善を暗示,爽やかさを感じる
ハリ・ツヤ,健康食品・サプリメント,条件付きOK,肌への直接作用でなければ可,生活にハリ、ツヤを
美肌,健康食品・サプリメント,条件付きOK,美容成分配合として,・ハリのある毎日へ ・毎日の生活にうるおいを ・美容成分配合
日焼け対策の美白サプリ,健康食品・サプリメント,NG（美白効果）,美白は医薬品的効能,・夏の美容対策 ・外出する前にはこれを飲んで ・外的環境から体を守る ・夏は露出が増えるので、美容のトラブルが気になる季節のお供に
ウエストが細くなった,健康食品・サプリメント,NG（痩身効果）,身体の変化は医薬品的効能,・スリムなスカートが履けるようになった ・スリムなスカートが似合うようになった
ダイエットのサポート,健康食品・サプリメント,NG（痩身暗示）,ダイエット効果を暗示,・ダイエッターのサポート ・ダイエット時の不足しがちな栄養補給に
脂肪燃焼,健康食品・サプリメント,NG（脂肪燃焼）,脂肪燃焼は医薬品的効能,・ダイエッターをサポートする ・脂肪に関わる
バストアップ,健康食品・サプリメント,NG（身体変化）,身体の変化は医薬品的効能,・女子力アップ ・体の内側から魅力アップ
生殖機能,健康食品・サプリメント,NG（生殖機能）,生殖機能への作用は医薬品的効能,・精力的な生活をサポート ・下半身の健康をサポート
腸内の善玉菌が増える,健康食品・サプリメント,条件付きOK,物理的補給として,（物理的に善玉菌を補給することで）腸内の善玉菌が増える
腸内環境を整える,健康食品・サプリメント,NG（体内環境）,体内環境の改善は医薬品的効能,・体内環境を整える ・内側からカラダ環境を整える ・中からカラダをきれいにする
関節の痛みに,健康食品・サプリメント,NG（症状）,関節痛は症状,・日常的なスムーズな動きのサポート ・毎日のウォーキングのサポート
関節を滑らかに,健康食品・サプリメント,NG（関節機能）,関節機能への作用は医薬品的効能,・カラダの潤滑油 ・ひざ関節を構成する〇〇配合
足のむくみに,健康食品・サプリメント,NG（症状）,むくみは症状,・お休み前のリフレッシュに ・1日歩いたご褒美に
エネルギー変換,健康食品・サプリメント,条件付きOK,身体機能への作用を暗示しない,・エネルギー生活 ・エネルギッシュな生活をサポート
EGF含有プラセンタ (豚由来),健康食品・サプリメント (ドリンク),OK,医薬品成分とされるEGFはヒト由来。豚由来と明示すればOK。,-
特定成分が「含まれていない」表示 (実際は微量含有),健康食品・サプリメント (ヨーグルト系),条件付きOK,ビタミンK等、基準未設定成分は他成分に準じ100g中0.1g未満なら可か。,-
特許表示 (パッケージ),健康食品・サプリメント (栄養ドリンク),条件付きOK,製法・方法特許は容器・パッケージ限定で表示OKだが、特許タイトルが薬機法違反表現 (例: 腸内バランスを整える) なら不可。,製法特許取得 (タイトル記載なし)
衣類にスプレーする虫よけ (忌避剤),雑貨,OK,間接的な使用は忌避剤 (部外品) に該当しない。,-
天然由来成分のコバエよけ、「コバエの殺虫」効果も記載 (雑品),雑貨,NG,コバエは衛生害虫。「コバエよけ (忌避)」「殺虫」ともに部外品承認が必要。,-
ダニが嫌がる成分配合、※屋内塵性ダニ類の忌避効果を確認 (ペット用消臭剤),雑貨,NG,「忌避」を訴求し、対象が衛生害虫 (屋内塵性ダニ類) なので忌避剤 (部外品) に該当。,-
スーパーミリオンヘアー的な商品 (粉でボリュームアップ),雑貨,条件付きOK,地肌に振りかけ黒く見せるなら雑品OK。「粉が髪に付着」は化粧品定義に触れるため「粉が髪をカバー」等が無難。,粉が髪をカバーし、髪が生えたような仕上がりになる
まつげエクステ用グルー (雑貨扱い),雑貨,OK,美化目的等に合致せず化粧品定義外。,-
アンファーの「スカルプDと毛髪ホルモン量測定キット」セット販売,雑貨 (検査キット) / 化粧品 (部外品),微妙 (ホルモン量測定部分),将来リスク評価はOKだが、DHT量等を示すのは非医療機器としてNG。,-
遺伝子検査でハゲのリスクを診断し、結果に応じて育毛剤等を勧める,雑貨 (検査キット) / 化粧品 (部外品) 等,NG,診断自体はOKだが、出口に育毛剤等があると、検査キットも薬機法対象となりNG。,-
無添加 (添加物として記載するものがない場合),食品,条件付きOK,他の類型(例:類似機能の原材料使用)に該当せず、過度な健康・安全関連付けや強調なければ可。,-
本品は低GI食品です,食品,微妙 (注記推奨),体の変化とも取れる。「糖質の吸収が穏やか」の意味と注記すればOK。,-
本品は糖質の吸収が穏やかな低GI食品です,食品,OK,体の変化ではなく食品の性質のため。,-
本品は食後の血糖値が上がりにくい低GI食品です,食品,NG,体の具体的変化を述べているため。,-
小児用流動食,食品,OK,病者用等の特別用途食品とは異なるため。,-
無添加、天然、自然、遺伝子組み換え不使用 (はちみつ),食品 (はちみつ),NG (一部条件付きOK),「無添加」は何が無添加か明示すべき。「天然」「自然」は「純粋」「Pure」に統一(規約)。「遺伝子組み換え不使用」は対象食品以外NG。,添加物〇〇不使用、純粋、Pure
顧客の健康状態測定→商品販売 (睡眠状態測定→睡眠グッズ推奨),睡眠グッズ等,注意必要 (医師法リスク),病名診断や治療アドバイスは医師法違反。医療行為を伴う測定 (血液検査等) も不可。,-
美白・純白,薬用化粧品,条件付きOK（注釈要）,薬用化粧品で承認効能の範囲内,【注釈等でも可】メラニンの生成を抑え、シミ、ソバカスを防ぐ
マッサージ,美顔器（非医療機器）,NG,医療機器の「あんま、マッサージの代用」効果に該当。化粧品効能効果にない,・肌をひきしめる ・肌にはりを与える ・肌をなめらかにする
あんま,美顔器（非医療機器）,NG,医療機器にのみ認められた効果表現,肌を整える
低周波刺激によって頭皮と顔を同時にケア,美顔器（非医療機器）,NG,EMSによる筋肉刺激は身体の構造・機能に影響を与える効果,・肌を整える ・なめらかな肌へ
表情筋がピリピリと細かく動き出し,美顔器（非医療機器）,NG,筋肉への直接的な作用を具体的に表現,心地よい刺激感
皮下の筋肉にアプローチ,美顔器（非医療機器）,NG,筋肉への直接的作用は医療機器的効果,肌の奥（※角質層）まで
頭筋・表情筋・身体の筋肉を総合的に刺激,美顔器（非医療機器）,NG,筋肉への作用を明確に謳っている,肌のケアをサポート
表情筋を効率良く鍛え上げることが可能,美顔器（非医療機器）,NG,筋肉を強化し状態を変化させることは身体機能への影響,・肌のハリをサポート ・肌を引き締める
深層刺激のEMSモード,美顔器（非医療機器）,NG,肌の深部への作用は認められていない,表層ケアモード
リフトアップ,美顔器（非医療機器）,NG,顔痩せ効果・素肌の若返り効果を暗示,・肌をひきしめる ・ハリのある肌へ
頭・顔・体のトータルリフトに対応,美顔器（非医療機器）,NG,身体の構造変化を暗示する表現,全身の肌ケアに対応
顔全体がぐっと引き上がりスッキリ,美顔器（非医療機器）,NG,肌の構造変化と小顔効果を暗示,・肌をひきしめる ・すっきりとした使用感
顔全体のたるみ,美顔器（非医療機器）,NG,たるみは症状的表現で顔痩せ効果を暗示,ハリのない肌に
フェイスラインのたるみ,美顔器（非医療機器）,NG,顔の形状変化・痩身効果を暗示,フェイスラインのケア
頭皮をほぐせば顔が上がる,美顔器（非医療機器）,NG,身体の構造・機能への影響を説明,頭皮ケアで気分もリフレッシュ
血行促進,美顔器（非医療機器）,NG,身体機能への影響を謳うもので不適切,肌を整える
頭皮の血行が良くなることで毛根に栄養が行き渡り,美顔器（非医療機器）,NG,身体の構造・機能への直接的作用を暗示,頭皮を清潔に保つ
凝りをほぐしリンパ流し,美顔器（非医療機器）,NG,医療機器の効能効果「肩こりの緩解」に該当,首・肩まわりのケア
細胞の活性化,美顔器（非医療機器）,NG,細胞レベルの作用は医薬品的効能,肌を整える
代謝の促進,美顔器（非医療機器）,NG,身体機能の向上は医薬品的効能,肌のケアをサポート
薄毛予防,美顔器（非医療機器）,NG,医薬部外品である育毛剤の効能効果,頭皮・毛髪をすこやかに保つ
抜け毛・薄毛予防,美顔器（非医療機器）,NG,育毛剤の効能効果で化粧品では謳えない,・頭皮ケア ・毛髪のケア
育毛効果,美顔器（非医療機器）,NG,医薬部外品の効能効果,毛髪にはり、こしを与える
発毛促進,美顔器（非医療機器）,NG,医薬部外品の効能効果,毛髪をしなやかにする
小顔効果,美顔器（非医療機器）,NG,痩身効果で美容・健康関連機器では認められない,肌を引き締める
顔やせ効果,美顔器（非医療機器）,NG,痩身目的の表現は認められない,すっきりとした印象に
シェイプアップ,美顔器（非医療機器）,NG,痩身効果は認められない,肌のハリをサポート
脂肪の燃焼を促進,美顔器（非医療機器）,NG,医療機器的効果または身体機能への影響,肌のケアをサポート
皮下脂肪を分解,美顔器（非医療機器）,NG,身体の構造・機能への影響,肌を整える
肩こりの緩解,美顔器（非医療機器）,NG,医療機器「家庭用電気治療器」の効能効果,首・肩まわりのケア
疲労回復,美顔器（非医療機器）,NG,医薬品的効能,リフレッシュタイムに
癒し,美顔器（非医療機器）,NG,治療的効果を暗示する可能性,リラックスタイムに
リラクゼーション効果,美顔器（非医療機器）,NG,医療的効果を暗示する場合は不適切,心地よい使用感
治療,美顔器（非医療機器）,NG,医療行為を暗示,ケア
肌のくすみ,美顔器（非医療機器）,条件付きNG,汚れであると明記されている場合のみ使用可能,汚れによるくすみ（※汚れを落とすことで）
くすみをとる,美顔器（非医療機器）,NG,治療・予防され、くすみそのものがとれる表現は不可,汚れを落とし、肌を清潔に
肌のトーンアップ,美顔器（非医療機器）,NG,肌の生理機能に働きかける効果を暗示,明るい印象の肌に
透明感のある肌（非洗顔効果）,美顔器（非医療機器）,NG,肌質そのものの改善を暗示,うるおいのある肌
プロ仕様モデル,美顔器（非医療機器）,NG,最大級の表現や優秀性について誇大認識のおそれ,サロン級のケア
最高の技術,美顔器（非医療機器）,NG,最大級の表現は認められない,先進的な技術
業界唯一,美顔器（非医療機器）,NG,最大級の表現,特徴的な機能
革命的,美顔器（非医療機器）,NG,最大級またはそれに類する表現,画期的
必ず効果が現れる,美顔器（非医療機器）,NG,効果を保証する表現,多くの方にご満足いただいています
即効性,美顔器（非医療機器）,NG,効果発現時間の保証,使用後のすっきり感
持続効果,美顔器（非医療機器）,NG,効果持続時間の保証,継続的なケアで
エステ業界で定説,美顔器（非医療機器）,NG,効果の保証や裏付けを暗示,エステティシャンも注目
ツボを刺激,美顔器（非医療機器）,NG,生理的作用や体の内部への作用を暗示。経絡理論に基づく効果は医療機器のみ,・肌を整える ・心地よい刺激
経穴への刺激,美顔器（非医療機器）,NG,東洋医学的効果を暗示し、医療的作用を示唆,特定の部位へのケア
ツボ押し効果,美顔器（非医療機器）,NG,医療機器「指圧代用器」の効能効果に該当,肌への心地よい刺激
足の裏のツボ刺激で全身そう快,美顔器（非医療機器）,NG,全身への効果は承認された効果の範囲を超える,足裏の心地よいケア
経絡理論に基づく効果,美顔器（非医療機器）,NG,東洋医学的効果は医療機器でも一般向け広告では認められない,特定部位へのアプローチ
一番凝っている部分がツボですから、そこに装着してください,医療機器,条件付きOK,経絡理論に基づかない装着部位の指定であれば医療機器では可能,気になる部分に装着してください
美容効果（医療機器での表現）,医療機器,NG,医療機器でも美容器具的用法の強調は不適切,承認された効能効果の範囲内で表現
美顔用（医療機器での表現）,医療機器,NG,消費者の安易な使用を助長するおそれ,使用目的に応じたケア
痩身目的での使用,医療機器,NG,美容器具的用法を強調,承認された使用目的での使用
データ・グラフでの効果表示,化粧品,NG,医薬品等適正広告基準により数値的効果の保証は禁止,・使用感に関するアンケート結果 ・満足度調査結果
水分チェッカーでの使用前後比較,化粧品,NG,効果の保証と効果発現時間の暗示,・潤い感の比較 ・使用感の違い
ワセリンより潤うことをグラフで示す,化粧品,NG,他社製品との比較と効果の数値的保証,・高い保湿力 ・しっかりとした潤い
見た目年齢訴求「見た目29歳、実は53歳」,化粧品,条件付きOK,景表法上の合理的根拠と誇大でない表現が必要,・年齢を感じさせない肌 ・若々しい印象に
医師推薦・ドクター推薦,化粧品,NG,医薬関係者の推薦は原則禁止,・美容の専門家が注目 ・専門家監修
薬剤師の9割が推薦,化粧品,NG,医薬関係者の推薦に該当,薬剤師も愛用
医療現場で広く用いられています,化粧品,NG,医療機関での選用を暗示,美容の現場で注目されています
商品名「ドクター○○」,化粧品,NG,医薬品的な誤認を与える名称,・「Dr.」を避けた命名 ・専門家監修○○
△△医師と共同開発,化粧品,条件付きOK,推薦とは異なるが媒体審査ではNGの場合が多い,専門家と共同開発
マンガの体験談,化粧品,NG,第三者の創作による体験談は不可,・実際の使用者の声 ・使用感のみのコメント
架空の体験談（フィクション）,化粧品,条件付きOK,「フィクションです」「イメージです」の注記が必要,※この会話はイメージです
通販番組ナビゲーターの使用コメント「もちもちに潤っています」,化粧品,NG,効能効果を暗示する体験談,・使用感の良さを実感 ・しっとりとした感触
愛用歴○年（プロフィール）,化粧品,OK,コメントではなくプロフィールのため,-
使用感のみのコメント「スーと肌に伸びる」,化粧品,OK,効能効果を謳わない使用感表現,-
肌のことを考えて無添加,化粧品,NG,他社製品の誹謗と安全性の保証を暗示,○○成分不使用
低刺激（根拠なし）,化粧品,NG,パッチテスト等の根拠とただし書きが必要,低刺激※（※パッチテスト済み。全ての方に刺激が起こらないわけではありません）
アレルギーテスト済み,化粧品,条件付きOK,「全ての人にアレルギーが起こらないわけではない」注意書き必須,アレルギーテスト済み※（※全ての方にアレルギーが起こらないわけではありません）
安全・安心の商品,化粧品,NG,安全性の保証に該当,・品質にこだわった商品 ・やさしい使用感
製法特許表示（パッケージ）,化粧品,条件付きOK,事実であり効能効果を直接謳わなければ可能,特許取得済み製法
販売名「スーパー○○」,化粧品,NG,最大級表現や誇大な名称は不可,より具体的で誇大でない名称
販売名「茶のかおり」,化粧品,NG,効能効果を暗示する名称,愛称としての使用に留める
販売名にローマ字のみ、算用数字、記号,化粧品,NG,適切な販売名の要件を満たさない,日本語を含む適切な販売名
万能クリーム,化粧品,NG,最大級表現に該当,・マルチクリーム ・オールインワンクリーム
腸活,健康食品,NG,健康増進法上の問題表現,・腸内細菌を補給 ・お腹の調子を整える生活
メタボに悩む方に,健康食品,NG,メタボリックシンドロームを想起,中年の健康が気になる方に
医学会認定,健康食品,OK,健康食品には医薬品等適正広告基準が適用されない,-
低GI食品で血糖値が上がりにくい,健康食品,NG,体の具体的変化を述べている,本品は低GI食品です
データの推移とサプリを結び付ける,健康食品,NG,サプリの効能を述べていることになる,現状ならこのサプリがおすすめ
爪の中の菌まで殺菌・消毒,医薬部外品,NG,承認効能「洗浄・消毒」の範囲を逸脱,・洗浄・消毒 ・清潔に保つ
ナプキンで「肌ストレスから守る」,医薬部外品,NG,承認された効能効果の範囲外,肌にやさしい
手の指の爪エビデンスを足の指に外挿,医薬部外品,条件付きOK,部位が近似している場合は可能,手足の爪に（※手指での検証データ）
アクネ菌を殺菌（薬用洗顔料）,医薬部外品,NG,特定の菌名を示した殺菌効果は通常NG,・清潔に洗い上げる ・肌荒れを防ぐ
物忘れ防止,機能性表示食品,NG,機能性表示食品ではNGゾーンとされている,・記憶力をサポート ・認知機能の一部である記憶力を維持
スタミナアップ,機能性表示食品,NG,客観的表現は逸脱。主観的な「疲労感軽減」のみ可,疲労感を軽減
機能性関与成分名を商標名とする,機能性表示食品,OK,例：「プラズマ乳酸菌」等は可能,-
期コースで「お試しモニター募集」,全般,NG,試行的契約の誤認のおそれが強い,・定期コースのご案内 ・継続プランのお申込み
定期コースで「今ならお試し500円」,全般,NG,ガイドライン違反例に近く誤認のおそれ強い,初回特別価格500円（定期コース）
NO.1表示（リサーチ会社調査）,全般,条件付きOK,調査方法の合理性が重要（サンプルサイズ、1位の割合等）,※調査方法、根拠を明記